Year,Inflation_Rate_Percent
2000,6.22
2001,14.20
2002,9.60
2003,6.34
2004,7.60
2005,11.02
2006,10.02
2007,15.82
2008,22.56
2009,3.45
2010,5.92
2011,6.72
2012,7.54
2013,6.90
2014,2.96
2015,0.94
2016,4.04
2017,6.58
2018,4.27
2019,3.52
2020,6.15
2021,7.01
2022,45.98
2023,16.54
2024,1.20
2025,2.10