Year,Unemployment_Rate
2000,7.60
2001,7.90
2002,8.80
2003,8.40
2004,8.30
2005,7.70
2006,6.50
2007,6.00
2008,5.40
2009,5.80
2010,4.90
2011,4.20
2012,4.00
2013,4.40
2014,4.30
2015,4.70
2016,4.40
2017,4.20
2018,4.40
2019,4.80
2020,5.50
2021,5.10
2022,4.70
2023,4.70
2024,4.40
2025,4.10